,fitness,label1,label2,label3
0,0.2648086928380504,-0.07202554577223519,-0.6419383490151815,0.5493638194385686
1,0.18903789092404114,0.264645736873947,0.30120633509504957,0.8870877639072383
2,0.4064851736764534,-0.039480287021366856,0.8514044521876802,-0.44563264522768
3,0.16212900899557267,0.12910937707838177,0.2479609851309892,0.5174995997674925
4,0.38051751259010735,-0.5594278681507692,-0.7752214820009073,0.9160720363472774
5,0.3925072901003348,-0.1669445487111585,0.4045095515337829,-0.5620287762838614
6,0.19387229573043738,0.18754236865093743,-0.4901607278533129,0.4497607581247265
7,0.23040611520973564,-0.893943394199203,0.13074251539211001,0.26894632494087856
8,0.2892699419146214,0.5073859233892335,0.2956466721038058,-0.46796259762923076
9,0.5291198024271432,0.4300535121896938,0.9104255585692087,-0.9401911384062238
10,0.18458324736066317,-0.08162022480102227,0.6287939391018991,0.4396257437074178
11,0.21726028214347815,-0.9784365581493011,0.6158226776282061,0.79285544844544
12,0.7437235134220812,0.9937218243141226,0.9969817364244249,-0.9645830248598168
13,0.23805389914003322,-0.5522263146668229,0.40646416752480885,0.977923541319706
14,0.1131241320811653,0.7502894401909472,-0.2899630236695354,0.6916299661018521
15,0.22355914331519153,-0.7291231481153593,0.4860422953346757,0.840221165582391
16,0.35076601758690706,-0.27333488125983485,-0.09690865747761856,-0.32649308025436374
17,0.33970949117292304,0.4850122466322939,0.46049383672804334,-0.5148998970991867
18,0.15630471175261829,0.6947136974990311,0.036470895455485985,0.015482211754874964
19,0.19579697381736327,0.8868850028837902,-0.9167441668953349,0.03291271486215286
20,0.4216278920746039,-0.2053780109872292,-0.8776578024413759,-0.5368550487430184
21,0.24738641919376084,-0.48993206113266163,0.16766721770948045,0.8504545136870953
22,0.08868272055144959,0.796652824379565,-0.8447124222862739,0.4342510151964081
23,0.46764614045239006,-0.4138123458539431,-0.3483590225360329,-0.8101070945520523
24,0.35546399544410845,-0.13851637027730757,-0.17063341394050924,-0.3916456264120558
25,0.15324425605991207,0.8554239624047109,-0.5128098786579958,0.1665143355801182
26,0.3551561855265039,0.00941822549672322,-0.6015911756218328,-0.4278974911392863
27,0.2848093396221428,0.8735410866537563,0.5747725183398076,0.910473174770591
28,0.31683250712901917,-0.3239140684913522,-0.49128145801326006,0.7648740816689756
29,0.3079022738291416,0.9248508922210081,-0.10202317259640092,-0.24138726922808962
30,0.20109314939468478,-0.10886465036931536,0.3448473450661902,0.766817114072277
31,0.20802948421982853,0.3518416510508502,0.05439622063214733,-0.02587591689309421
32,0.24513918708036206,-0.35784866789650005,0.10785586644482792,0.14016431483665825
33,0.3761347774188966,0.3967909417103148,-0.3215148102739287,-0.8882032392719064
34,0.31351392863679184,0.19632059244265698,-0.4229876363810914,-0.38119451581262465
35,0.466486004346602,-0.8674011928377128,0.8576449821081,-0.6173323909904311
36,0.28473906999416265,-0.9842529331777461,0.07070714450378124,0.05588352318632417
37,0.4384626815518138,0.8301754734577851,0.9216036341276439,-0.04374953766377576
38,0.3917433958501389,0.059649522546058265,0.902860913231954,-0.29437746473804016
39,0.5055628865676427,-0.5549262816785399,0.9190550506888144,-0.7447495518022016
40,0.4441050150459982,-0.2769719259854959,0.2728056196757018,-0.8816423630859851
41,0.3027873036948449,0.5252809988857599,-0.3302575057347541,-0.6281031590750845
42,0.15766098071910564,0.31500861523373014,-0.4201817772837697,0.41271680927804333
43,0.4257694013065977,0.4813794660111055,0.9825968128219724,-0.25161734382959566
44,0.2191516241900382,-0.9341479375585011,0.5587877852518701,0.25472582661318355
45,0.33088849133274,0.4770733249678982,0.3927788865313051,-0.6104525840329043
46,0.2869821510819309,0.40553630997004597,0.04627408548695011,-0.36961965427085697
47,0.2643764116283329,-0.13747066089579318,-0.8665549193254685,0.422295792904396
48,0.1801139600472056,0.3490750455143279,0.30564924861514964,0.8978916278542128
49,0.279823051448055,0.445348473910157,-0.6223976475319228,-0.4635526231792142
50,0.20376639206937205,-0.23351467471218146,0.1354137783514553,0.28411521849018384
51,0.2526376702787832,0.8440577510774361,-0.7635223437138923,-0.3636014591362462
52,0.1556123969664007,0.6224321166335725,-0.20080962312672201,-0.04001883597057532
53,0.23642672119613461,0.32242235495747606,-0.31696833319085593,0.914200739607494
54,0.3425662598696644,-0.513183434478963,-0.8533283468373145,-0.03327928088881116
55,0.43748799279013995,-0.15750809083517225,0.7870152189322788,-0.5860022133486928
56,0.437401870989094,0.8108052152739325,0.47087560633002434,-0.7575007029071943
57,0.14154193275653554,0.5195492103952075,-0.032158471732447236,0.7630113590872656
58,0.3545132377618495,0.47361959991354174,0.10690994606584181,-0.7951114109145538
59,0.4437604183165688,-0.4928611609325515,-0.4020021345753788,-0.6281545964738866
60,0.32738894842229815,-0.5029989387304437,-0.6273553131785019,0.6825582477643899
61,0.4254001137832535,0.12891279064138828,-0.002482563381817071,-0.9501419461725316
62,0.36925760050769985,0.28802678570261087,-0.0671560923594261,-0.7171900231641073
63,0.10833026020453468,0.4973734506359271,-0.10382670511880687,0.4612029198069416
64,0.3388801709188284,0.525886168909312,0.054234002333991116,-0.7703556875049982
65,0.20815397955831283,0.15518076505904133,-0.755905640470903,0.4139140805413657
66,0.22789236335530572,0.47470445390809846,-0.7284805898387536,-0.22222958443344187
67,0.1422171505371051,0.5561255067189765,0.45775476864731157,0.591739134901309
68,0.2764771609715282,0.07671489714355073,-0.3678455918737267,-0.08346751187474388
69,0.2662917492328375,-0.8144112143576088,0.39817807164133945,0.038091511279681356
70,0.201549704868169,-0.590654059480638,0.3817692151089995,0.30184310747468457
71,0.4173962802498455,-0.021761021543839965,-0.9942458337255915,-0.6420625412839662
72,0.5263289554797629,0.15288360942767887,0.8969120327576572,-0.9703224211373671
73,0.5158182815336534,0.9145135283250359,0.6818528813499272,-0.5764211898138423
74,0.36191703560424693,0.03357002751835836,0.6876815122590929,-0.33156286974306926
75,0.31240589369080674,0.5789828351423618,-0.8573982304395582,-0.7897080034091191
76,0.3843988429292143,-0.7837571618178472,-0.06277919874071114,-0.42502655943829515
77,0.4503496426168151,-0.2513505575428421,0.45108389283108874,-0.8836767454765071
78,0.2824419492973331,-0.11331427481354939,-0.6702944527204375,0.05937462991739961
79,0.1519380463319058,0.6604088307921112,-0.052722581226916754,0.9741261315595038
80,0.30729520612533273,-0.6317201356131501,-0.6192744767379326,0.5330795079211201
81,0.21308438002133007,0.16423367540945955,0.8220581197724963,0.47160167994149416
82,0.37390937736234575,-0.6432857969177441,-0.6228671791944027,0.9232136988655786
83,0.12925452005547372,0.5621855615177878,-0.06685282071749254,0.14627295879959568
84,0.35319181011263023,-0.011944510553300924,0.9331466129308301,-0.06351113703781097
85,0.44609936626801444,-0.9793137847638755,0.7854614003923976,-0.6007150079028061
86,0.5180254198830676,0.9938868460737216,0.9337545485545882,-0.016637148446304817
87,0.2836896131092192,-0.5427673838171636,0.10424099838437662,0.9903173476143339
88,0.1960341804322949,0.19657108966040027,0.2043818252969285,0.8619295858543485
89,0.22365975466625637,-0.1483228886286887,0.846189110653119,0.46460012801861317
90,0.2625272885780948,0.19587484041317094,-0.3025950222763518,-0.11141305453560113
91,0.19462937615351428,0.05711511112775547,0.28848004831361407,0.7892469817020331
92,0.42914681303743996,-0.0020071162955042077,0.07778736794553143,-0.8643710628228216
93,0.4401013961874104,-0.3846334037200452,0.5725863842544201,-0.7622813635292764
94,0.3063330587130959,-0.09228842360179201,-0.9237964834394778,0.681208840785436
95,0.2102394823871258,0.5889102235171615,-0.7250578345741072,-0.31821785561033855
96,0.18419315444635015,-0.18876428099245812,0.23720636779549809,0.5138808154719459
97,0.18024144422058988,0.437203765226611,0.5214424342109649,0.19499976169811273
98,0.5066909538615716,-0.6582815014477732,-0.9783607431576391,-0.894085432976726
99,0.1596582199684676,0.7939505323038261,-0.8153850144117476,0.9499486741397725
100,0.23103761950816276,-0.8319544087706185,0.19405734796544105,0.7161428591485894
101,0.4593408923107082,-0.8553168747336586,0.4231191463957935,-0.8664720890350073
102,0.16433209496865783,0.4627495330131439,-0.16006046950337316,0.7940844182695497
103,0.5016415345038088,-0.9853488476615904,-0.45816543279408783,-0.8797112078237452
104,0.22009999396376662,0.25343186765109826,-0.5972577661395484,0.6408170224342835
105,0.39882528598938466,-0.18018361065787714,-0.2906438324108509,-0.49868242246581307
106,0.291899828384911,0.8705729794905237,0.574574899265142,0.9948842923747401
107,0.3431870358207287,-0.19639370370578635,0.08354892999994279,-0.3634036816219042
108,0.3011802955519644,-0.9719536289261939,0.2780899932094911,-0.10787374933208294
109,0.17575820631007363,0.9307110532977401,-0.6203934559042759,0.2900014495070462
110,0.22222800401327303,-0.0955840792713476,0.7693672192324392,0.7935905322220425
111,0.4230318002536787,0.2301326050847956,-0.7419975608613476,-0.9826902691086201
112,0.22565550368396448,-0.8345356106109132,0.673250174285311,0.8577857828692086
113,0.3909495406567757,0.8626557453490329,0.42944396950087316,-0.4073455619364479
114,0.2125373758108839,-0.9077439557134293,0.5436770899005452,0.2817684545600332
115,0.2444462916823013,0.021919551020366912,0.9073962731903491,0.6164039327812729
116,0.32763113990007287,-0.8194259310644296,-0.4719660202392566,0.7029335011047582
117,0.4626151395760302,-0.3561115514710165,0.6462261979394792,-0.8570045871174736
118,0.2650149309316395,0.125797550340075,0.36557506517046545,-0.11153341845807252
119,0.4325393210177029,-0.31857476380409655,-0.2719842508592918,-0.6384180937318233
120,0.3580766506013339,-0.557153215971923,0.01219500182060429,-0.3252803792491561
121,0.3721746648250148,-0.9161731469796119,-0.2502189009683542,-0.27258202935368203
122,0.3020515786998146,-0.9246171283000617,0.3440461976592939,-0.11733129055112013
123,0.3978607780980131,-0.8939204681707842,0.9405966887034098,-0.2309873803472211
124,0.162039881593041,0.2514250501123112,-0.02499992621125191,0.5347392342692228
125,0.26016073701457965,-0.7465833285081642,-0.18933144113249845,0.23969053942073182
126,0.1863888722727319,-0.2790957188623042,0.25969211962148897,0.49685911841983454
127,0.3269737923494098,-0.23946477411960365,-0.45799329556349555,-0.14727940640162718
128,0.15659175589170213,0.132273853728462,0.23245812747533123,0.39364034071423215
129,0.3444894716932929,-0.8733729611234085,-0.37486479135164297,0.863859430388771
130,0.27994911544570333,-0.2984526068221329,-0.3538852852542511,0.6500484991199658
131,0.39130033968521516,-0.8062305346843126,-0.38028596712223295,-0.35689974405956826
132,0.27498743800903985,-0.42054908285795656,0.9577139954613034,0.8286451009521414
133,0.5004120915855097,-0.23495860125101387,0.9941660674522672,-0.5590284084621244
134,0.3625712195262765,-0.4884787355697837,0.6114615146088178,-0.3949514758857098
135,0.2977555202851396,0.32333942499442325,-0.6637963450111681,-0.4076193963422259
136,0.37975725260238963,-0.78818430021714,0.8139530146160954,-0.32350341368341473
137,0.1782478198517482,0.3377966906475669,-0.5442709668166068,0.1643273691637379
138,0.20035713144838177,-0.09443518333811363,0.009752823889348283,0.5192640574465062
139,0.282836974855114,0.048637844690117005,-0.3746752434733378,-0.09272570312316541
140,0.4223480756513728,-0.8616458162392004,0.3310266456089268,-0.6530542449614998
141,0.32353122639676185,0.33001689718592586,0.8386677705963517,-0.08356130255926142
142,0.48400259832914827,-0.9542493509445251,0.00491262492479394,-0.958521459448368
143,0.40249779906069016,-0.7136594810251413,-0.04641920916793807,-0.431319417029268
144,0.2083480020944114,-0.48885902214470445,0.698143223123614,0.32518188047024577
145,0.43175014308015647,0.9336150327582824,-0.768962504459584,-0.9919552863611503
146,0.25810730790080516,0.06009583127515339,0.7233031488906183,0.08239677909671994
147,0.2254177597275217,-0.26874967640253034,0.5339686067801834,0.9698395039662187
148,0.14784978105586738,0.47469273962770453,0.5411832649945876,0.40078338758024734
149,0.33628710146143365,-0.9378028639401472,0.6866646293667278,-0.21402246784327783
150,0.15002340800262934,0.3326578687556565,0.4363684954163125,0.5575192003334941
151,0.13105549252097132,0.4631699767681494,0.17453174391390625,0.6159646287173837
152,0.3953254208282096,0.20481976704424376,-0.9606695501411058,-0.7364238406286241
153,0.44275536001295435,-0.1871511353248725,-0.68527385918922,-0.7030783680452335
154,0.3981591976175245,-0.2743372603022778,0.6325384153057627,-0.5882958649017513
155,0.2700004658333106,-0.8778979873723194,0.25331072059916515,0.03167152924416072
156,0.5453939121006656,0.71341770780326,0.854164424092585,-0.8939000766333847
157,0.31163010307745886,0.008463271186060162,-0.6227970458647687,-0.18592641372364138
158,0.22499248381801706,-0.4569813094215256,0.5751259283674564,0.9414384435213836
159,0.3764489468977508,0.3778310212839393,-0.9610240660382228,-0.8510457533167959
160,0.12357262947115824,0.6940570505735175,0.07231022834771572,0.7385174553462202
161,0.1066836038769447,0.5278135198030403,-0.2818960198981544,0.25896923168157304
162,0.24821169415685984,-0.04776679654955407,-0.26832254533965294,0.11458896880980585
163,0.36492083536573156,0.8228326909810793,-0.013138117572459862,-0.7530111786535432
164,0.4496247487225873,-0.09045918705711609,-0.247851046769211,-0.8842151278231152
165,0.11767990267411825,0.581236529528244,-0.842236062720368,0.5931859804740189
166,0.3723940967563246,0.3276941932702615,-0.6725563110606245,-0.7536044234557107
167,0.19039390065835987,0.2740599453430377,-0.37869523902381363,0.1635490382048057
168,0.21580739008093203,0.15498726542661112,-0.48083150202464475,0.16323540713154028
169,0.37060494864174703,-0.9212182194264498,0.5199950345686843,-0.33974460567351805
170,0.13465666457005315,0.7534493115630234,0.09217662624263445,0.699860864922053
171,0.3833983900357178,0.3831764002551816,0.854374436737178,-0.33310363911248997
172,0.39828114127820125,-0.786096730038778,-0.4727010977447872,-0.375984329555731
173,0.4740835870886851,-0.8277457236168528,-0.6208980162964846,-0.6676170694506232
174,0.1802370217396651,0.8290322534875845,0.25586643031415024,0.6314978263907307
175,0.30310399252333153,-0.39583104404938263,-0.08621417620443905,0.9450085850859051
176,0.23095616801181196,-0.2689221243022879,0.8344024551427667,0.6917430856857576
177,0.3163202361389184,-0.5741116879005081,0.4893063004301965,-0.18692774331981243
178,0.2293715516501842,0.03345388928375903,-0.8954948638779157,0.35334877781398233
179,0.4342616872605649,-0.2540146998197603,0.05397177089273497,-0.7453836489847634
180,0.3289583537665277,-0.5637006898282912,-0.5529158085861143,0.714817391630292
181,0.4821918867082967,-0.5088297937544934,-0.7357106306515311,-0.7908018298419077
182,0.2629356220695014,-0.2866404278115615,-0.40570563163689055,0.530350034706301
183,0.5312093870628196,0.4375767525031178,0.9798958879080397,-0.7217888064592444
184,0.13116816447443108,0.4739945611535934,-0.40579585395397855,0.530044759765131
185,0.24632855622355698,-0.10643872944185406,-0.593274481511451,0.22682973472303902
186,0.2301011408394712,-0.03417506898554867,0.7635159881141274,0.9158395824108079
187,0.3346120733423822,-0.2121851942314179,-0.5717409383890699,-0.17086644818966445
188,0.2644133393802561,0.8222237658394473,-0.12501450959421567,-0.2632837503651375
189,0.3223127324980987,-0.7696055476491799,-0.09971626478146378,0.9716738036290795
190,0.30077730239943934,0.2791335841202407,-0.09242603330187715,-0.4198397334504085
191,0.32240757095016925,-0.40298353752199567,-0.5967569484064188,0.7065984604067033
192,0.1907572584532053,0.41861169505410745,-0.31153079874685385,0.007952541718308836
193,0.3855009981323037,-0.013629207920291542,-0.4011781865445849,-0.5039972309645211
194,0.20632188908952126,-0.8397281043400109,0.5367584587565157,0.6528836701907728
195,0.4134421634970983,-0.24066701462348417,0.7209141753623118,-0.5265068355761837
196,0.2799374824820508,0.9774254064119616,0.11726693904831076,0.13278575340728094
197,0.14369353763322762,0.773429446034847,0.1688814778394756,0.22909962186463928
198,0.39559573125607916,0.9406889542475247,-0.6985560828717641,-0.6852351564380186
199,0.1569242054248156,0.5276248499884988,0.5384697342292148,0.2935857211472208
200,0.2632070390597948,0.8564925771002152,0.04089159509900897,-0.16936464426191367
201,0.37874198374840073,0.9666803218126641,0.7588461618616056,0.8690025142655771
202,0.24755459497261764,0.7530612099801814,-0.49079928236451664,-0.4438998791752675
203,0.3565719454744292,-0.8617210739307457,0.9703734653313576,-0.006231684361048595
204,0.4313067076494484,-0.6697887736900139,0.2750750215297706,-0.7245723073139068
205,0.3906771596621251,-0.6958604868483149,-0.780529116271107,-0.2686263984197119
206,0.3823499461852668,0.8434894810986113,-0.16577242389216718,-0.8763827364765999
207,0.17614754742999936,0.29508525061867896,-0.11297256298730463,0.6502076242543948
208,0.42999738797425957,0.3522239818226873,0.6816713965708536,-0.7572362314912646
209,0.19107836480020668,0.05891911666294258,0.3136346671327048,0.7607714656681523
210,0.2312408338557126,0.34484120247526207,0.7238263067239297,0.15756505756219674
211,0.3211658872534384,-0.8910289051251108,-0.6441604991466114,0.12823221221846715
212,0.2713626512976796,-0.666867308199794,0.6477957488900259,0.04841061524860302
213,0.36100351313965573,0.7510901791187825,0.187101834143236,-0.7896455186813298
214,0.4231787214215308,-0.24408071567218848,0.5449479618184807,-0.6957332734110109
215,0.19917442804854207,-0.4842790646624133,0.6563242564769132,0.552904970083989
216,0.5394821760020957,0.4711093273256428,0.9437634537446244,-0.881160001099049
217,0.20804971402826128,-0.4730459496151014,0.524388393446827,0.2718884175880856
218,0.23920430253496341,-0.5993244265979738,0.7358096828922533,0.9923047878461186
219,0.4005420019187724,-0.7359832894747032,-0.5386880366414286,-0.3768692132134899
220,0.44583590521663874,0.09449879225291236,0.6951875834068075,-0.7867884389507078
221,0.21538076626269398,-0.4455727134836638,0.6811594509976691,0.7820825485984269
222,0.41292740027473884,-0.994743617727543,0.6180525364278064,-0.6239519436337202
223,0.3423752825538299,-0.4123782428009657,0.5865125933393682,-0.31639802763154723
224,0.06474472187774982,0.671657375340913,-0.6541660989542348,0.3214462029849652
225,0.3275911497422747,-0.6715892901585512,-0.8867013971154203,0.11307638791977248
226,0.392853046637357,0.0950117544538569,-0.5012449878117793,-0.6267263157735099
227,0.3698772510593795,0.39473078986961063,0.33419907205532984,-0.7348657766075288
228,0.13999094010680935,0.8121236192970052,0.027110093119046885,0.5476281231435594
229,0.33904996192858605,0.8202110614518126,-0.3473541814872818,-0.7536217082691583
230,0.2035291382131685,0.07715883641741939,-0.45313512808520406,0.3917902788233434
231,0.28427071183112357,0.027994781476287978,-0.6459996754371797,-0.057024594178383126
232,0.2045604429810823,0.8685635926039503,0.04710756827497509,0.12632853553164702
233,0.40045184551078017,-0.6474586386117498,-0.4718679899865037,-0.30849973305520395
234,0.3940602278832407,-0.9896434550925817,-0.040020518556535434,-0.4603558042241631
235,0.2648257426033306,-0.7597293190529038,0.8995860135407658,0.9316919318002297
236,0.28637694816706344,-0.827914864942308,-0.15641066357061595,0.7182947571560128
237,0.4326154245379584,-0.37747826017010633,-0.07688162050266079,-0.6605531386288972
238,0.25254896228285734,-0.15688076827831465,0.9112845401608267,0.7219093149058473
239,0.19204180965190887,0.5417547148805923,0.306655778693113,-0.0034245626429076914
240,0.44525339707334677,-0.6926635319388306,-0.3861839043359341,-0.5889877829935775
241,0.2004912824137893,0.1363112345984736,0.5176573253289085,0.19046771925305706
242,0.30301816108697666,-0.27305673355089266,-0.767830507788249,0.5847406118659335
243,0.3113459192464658,0.5540934832714368,-0.009617622078077037,-0.6515447503850706
244,0.19299822289572016,0.3849810220975802,0.3778287383733807,0.08192084183897141
245,0.3256533648929271,-0.4512009269507955,-0.6653416004004098,0.6725900016903488
246,0.2708243114687177,0.3522385982178493,0.576035786997994,-0.1342129220145154
247,0.4438718002859704,0.9978060904037971,0.24587523500219666,-0.4039607896529407
248,0.36162689155742894,0.8911195015459392,-0.827391371358158,-0.70720390923855
249,0.22226841312071538,-0.3636767060820101,0.053185234018472416,0.5922581743169417
250,0.2309629773242877,0.612266288907291,-0.10486325742447566,-0.38813016907932396
251,0.1466012543074892,0.5665413239862398,0.15823064186139946,0.11897102834996787
252,0.4094938321927485,0.9271936820009148,0.15475433371191105,-0.5370731503915867
253,0.2971060871782686,-0.11769944437248636,-0.47774439763753707,0.7652880711745933
254,0.38460004936963293,-0.022835613768527496,-0.978132274142939,-0.5482290752186454
255,0.4985612487486492,-0.8863671702498104,-0.9941190430778037,-0.7596171786508146
256,0.21846114175713072,-0.22595906364806528,0.20581598794443168,0.18460868406967212
257,0.3017762270918859,-0.6810077613411347,-0.21547664513881748,0.7696993730601966
258,0.45645972326277784,-0.5414394444593971,0.32387139296473566,-0.9150942314516706
259,0.29318079854514956,-0.6778634316089707,-0.2123460086429083,0.08073137592533164
260,0.2127258792452521,-0.5280543000066038,0.10898813542485475,0.49583510025178223
261,0.20496271961063786,0.8536630678099626,0.013604115634987979,0.07253285014346367
262,0.34532694350202076,-0.7573575110264408,-0.6959673350853597,0.6807890244667651
263,0.41931840218888594,-0.7211192473464874,0.2795552199283924,-0.6456304548592491
264,0.44498427274286934,-0.3697060681812956,0.6706602230753305,-0.7267542802594849
265,0.1985833210829278,0.08932966320754843,0.5762781193131492,0.8349155524033067
266,0.4100823182702754,0.1225472243249448,0.48536232852013383,-0.7525877670484855
267,0.3367581411461815,0.8401042905724123,0.6861323111523716,0.018826992068243342
268,0.42396649698946165,-0.5286270249592222,-0.9095759428338113,-0.5018141899318425
269,0.2506925713010951,0.31967763768954494,-0.8058526357922715,-0.14899560124257327
270,0.47652435849683694,-0.17934244665366572,-0.9262081858134275,-0.9205129932758263
271,0.27405920118758675,-0.5696523875006696,-0.2267134004647373,0.6312423920003567
272,0.25946566740142696,0.3007243151120602,-0.486473379202671,-0.1833713625014024
273,0.18236903368190654,0.8462423924519422,0.238929715602608,0.574185955156671
274,0.20762605316707206,0.796021715411807,0.512986274012388,0.27230944065205565
275,0.44729264255885504,-0.8933816438753841,0.08549977780757412,-0.700870714113214
276,0.09942038333694836,0.617082048762253,0.16979679461115782,0.42020531276490103
277,0.2810539340125574,-0.309399836968411,-0.9510836959469273,0.36627733483996394
278,0.2749643332925486,0.1241886591208512,-0.6834515593399333,0.7658486473672117
279,0.264938892826478,0.6365852362749782,-0.8426274181313502,-0.5816220690100389
280,0.22477849735655886,0.40220390769589254,-0.3319945176505281,-0.1306291680950571
281,0.3095529433504797,0.7078495576347656,-0.7434125181776274,-0.9088028662877261
282,0.15173672658532678,0.6923875263813808,-0.028069127734072108,0.9731978155865697
283,0.423358953853555,0.03343970893961412,0.04211258317801003,-0.8368116750545129
284,0.20178507459981204,0.03290105478457428,0.5679594988804535,0.22900599608400696
285,0.32644783922810355,-0.36040671001010893,0.1154226974907191,-0.23422218091508817
286,0.29854507534243646,-0.2782547155464279,-0.9719039317518605,0.11915592271620667
287,0.25208395675321293,0.012314634273271619,0.9144385774537032,0.7122824486714581
288,0.27968731140747166,-0.9838522872922777,0.4937856887794112,0.0016045704525948778
289,0.2359065054313288,-0.3798680411775752,0.1290159094762442,0.768160515612827
290,0.4168531138550148,-0.07258924029975033,-0.9931420728824407,-0.5953240951315217
291,0.25054606826666076,-0.5606517796557016,0.8486294942247321,0.8994599734161872
292,0.23868223803346028,0.627893889205948,0.822172478071358,0.3321202841529518
293,0.20430608039227943,-0.022120842591010437,0.694927117213866,0.28977546814437405
294,0.3113019839735892,-0.5734679143233532,-0.4635611642874915,0.6679384894582909
295,0.2944036232755025,-0.3634605566626954,0.14777367934859442,-0.09459766700122096
296,0.224026548811532,-0.14300503845128798,-0.17389536616486523,0.5184232847454409
297,0.24512723829173147,0.5195306239205799,0.2605126510488711,-0.2729510424186885
298,0.3643088235674111,0.6377715621794715,0.1379305597131626,-0.9842605717909578
299,0.47957478307431367,-0.9672206484349826,0.14756141126894518,-0.9485742942487336
300,0.23817511224765575,0.8153406440058832,0.6310906969552772,0.3249724174993256
301,0.4319985125809654,0.2805197272120421,0.9452009101065995,-0.4033884398672014
302,0.19260771696831225,-0.1563965324355019,0.10140463371133568,0.4478878383736731
303,0.4630738489400349,0.9758947935522364,0.5535431483552145,-0.38480163731692696
304,0.18031787091285212,-0.03971596522045551,0.5275590418730527,0.5915528950647457
305,0.4411672856488612,-0.4330521599343775,-0.18137929944338804,-0.6758578453212274
306,0.24044973505949765,-0.6634958168843672,0.3684278323153769,0.9628734728579627
307,0.35826002286917724,0.7987328022955533,0.12268627334700932,-0.6963091897409148
308,0.2047503738644348,-0.32750053940020685,0.3700719555675507,0.7281894197324872
309,0.33110893683171216,0.6834218121304336,-0.13780193300938293,-0.9052273382792413
310,0.22428252681388144,-0.7089212451905023,0.8282265119332448,0.39271312459805974
311,0.2536060119986958,-0.024359355338755995,0.25322495740964035,-0.029006346207107514
312,0.1294731373687271,0.7182718453208188,-0.139610136426209,0.8277327433521389
313,0.3554968086194327,-0.539969375346895,-0.013660101329878938,-0.3079168973172599
314,0.46194114672194975,-0.6776267584853437,-0.4488691779533134,-0.6706651338371423
315,0.22534103599692065,0.17846246777600427,0.3314322931468281,0.034315795751870715
316,0.20808891073562713,-0.33206096704458354,0.03456249984345838,0.36342580329166974
317,0.3699841459593855,0.24387446963129666,-0.5175898014467026,-0.6370814042140336
318,0.3549554387018261,-0.871013673877822,-0.29439201598123654,0.9865386282115118
319,0.479526002421203,-0.39724453625069556,-0.993400699723626,-0.8054666962524917
320,0.17939405466071034,0.22633544211436663,0.03716128960820453,0.6871757065335269
321,0.36607061856433165,-0.59936198180499,0.062308054359602405,-0.37844874528141936
322,0.3799026972286913,-0.9190898309119238,0.9283343069932957,-0.16832640688343936
323,0.239579160001255,-0.810841023426206,0.2793835534594695,0.8784897863514114
324,0.40643875307326044,0.2565898779229012,0.5514036119142025,-0.7426218018919648
325,0.291973789525375,-0.1989148204614246,-0.31632304653772736,-0.014176401732544308
326,0.30856024660702164,-0.5778227890439114,-0.627436688502814,0.1154475262849779
327,0.236577115729047,0.20102569959602246,0.8984259078047374,0.48817271409077145
328,0.2280371865267723,0.7997603037435423,0.22209933405338478,-0.044870276405392095
329,0.34905725666837656,0.8728792013873519,-0.8553271464961616,-0.7070518391539222
330,0.21578230406667973,-0.28694824690314125,-0.07783376832049593,0.4311585221197387
331,0.4861769784560828,-0.32075732118541866,-0.37474027340473826,-0.9979140154254151
332,0.2117774284754921,0.986112297166595,-0.9061470276712658,0.4248735822529983
333,0.3456912965180347,0.31312869008544486,0.3698822779297368,-0.622739946746192
334,0.40986169000756995,0.8958515682607562,0.1429440565223623,-0.6589961659074526
335,0.2931616580494375,0.0392006053201468,-0.7497051484796056,0.7661699938064472
336,0.21369237169194327,-0.6101015206667708,0.7059396601926127,0.6992583262955634
337,0.3257803872900543,-0.8251020048780029,0.06348107905634204,-0.14110369211855422
338,0.22555626010314495,-0.3500044130663533,0.4056988985019603,0.17563996690959405
339,0.23471874540767765,-0.8032813133084129,0.34203502799537766,0.8982246383657677
340,0.3671483572305904,-0.40771906204582153,-0.6855683065394902,0.9297509688697903
341,0.35144981419237736,0.42691703566062134,0.5076096098338101,-0.6111084856728244
342,0.3717399873730644,-0.2761660880572909,0.8367514043993263,-0.2798495624414654
343,0.3623700236709201,-0.7468170669042435,0.7751275163022009,-0.2767821168552216
344,0.47695256871435265,-0.16794007003048717,-0.8847349128734767,-0.9396600338070709
345,0.26562871990317793,-0.8657924034741349,0.9502789333921642,0.33776558400739876
346,0.1342407666726474,0.4016245479527589,-0.3374696618056141,0.3141872519154101
347,0.4670078810417111,-0.059296771753609034,0.7647153796724082,-0.800587818334026
348,0.3599529740665845,-0.6418800394435913,-0.6389509893543179,0.8290202952805286
349,0.48674437507896906,0.30944779874733186,0.8353792022617956,-0.8399247133197887
350,0.09661340964847905,0.7171355258028642,-0.5822428150449819,0.6565614666579429
351,0.1168260908529627,0.5647961681932054,-0.2787048447895828,0.6347767307612533
352,0.34809648127644344,0.7001124048841769,0.9921055933943128,0.27573184989899757
353,0.3738090637804201,0.7090799341848553,0.4997762698769006,-0.5877283071068209
354,0.22300981984120327,-0.8026111458052048,0.03592941160658447,0.3674500221621224
355,0.33324128721973656,-0.20287546291755265,-0.8088050389701202,-0.1318112097414892
356,0.2912513471566195,-0.4111655053443457,0.31832526331956257,-0.11072395075002794
357,0.31364608563633767,0.5418345246072132,0.06789263220018982,-0.63291719121219
358,0.19601316018853907,-0.8106252726779737,0.45076400025923014,0.4507426200665865
359,0.3027098032640986,-0.26261355071113246,-0.9061657891521973,0.5401640091065074
360,0.1844477211455119,0.08595071940735166,0.29329308343504046,0.7207291849028548
361,0.340996022283067,-0.3875462441892712,-0.7816590791795848,-0.0931515717566942
362,0.23108556007934244,0.14186907080727673,0.29269162337493126,0.017242170814988134
363,0.6665998161227509,0.9398644743137106,0.943734520200491,-0.7916409410959864
364,0.4667342545620507,-0.1331040266468715,-0.47253751685368295,-0.9582700211204545
365,0.38884402293380765,0.3128567593631506,0.2300599112079169,-0.8240575308320559
366,0.30993840830216596,0.5731407606256282,-0.5725199550354476,-0.7549042236851904
367,0.2702932054888708,0.5465182487545761,-0.623742583219449,-0.4779436849000789
368,0.40585596120389,0.1370290591568919,-0.6779666749897506,-0.7378653382594964
369,0.3314023073306142,-0.37184850158487226,-0.6821700166520341,-0.061786100755960804
370,0.47245358893514167,-0.9647885334027064,0.7293652235720762,-0.8164243254665378
371,0.33607300006496243,0.9102559798904235,-0.21544069934618482,-0.3767276893974836
372,0.3501415288306485,0.6064269035811518,0.5072633980694454,-0.5393224036098099
373,0.332908799251511,-0.8975881201414848,-0.5004097433773484,0.014404469906794892
374,0.2587265025335997,-0.7068610665199846,0.930494462114053,0.6998474884511017
375,0.27072942501383573,-0.47424979800305955,0.02162408409117922,0.8460260044073329
376,0.25770401749241106,0.40438630942181075,0.5069360002011252,-0.1389540369860809
377,0.2847661080480677,-0.2857689841307578,-0.4042869977173682,0.07268234611877356
378,0.17028853683040351,0.32880581337708126,-0.6977236055770195,0.22619979279084013
379,0.2755289665590802,-0.044651538799445056,-0.2286262773743064,-0.029236971485500973
380,0.3504213906580045,-0.6109705986088827,0.7165696864145943,-0.2822616893061838
381,0.4016677631020925,0.04580860879425064,0.9926240766998393,-0.1793993054438514
382,0.30727910226228067,-0.5740915860068168,0.1420705054577711,-0.11218259152850107
383,0.22013930015019229,-0.8705839738091974,0.5214000801377703,0.8015518013035918
384,0.2995586470500464,0.20792377620064117,-0.22879731731411845,-0.31243223986611013
385,0.23130257238502755,-0.542794973052307,0.5754233565390507,0.17989410506049874
386,0.3795958919560523,-0.9436629245036809,0.4206063133167288,-0.4864605990700126
387,0.3054564696741447,0.4630229414382845,0.3431907172025839,-0.5045265760290387
388,0.44302136559875216,-0.7259697298470871,0.6118366348790558,-0.7224972185999357
389,0.4066620206229503,-0.20012929841147709,0.9405302816203915,-0.2919128971016087
390,0.1777658193412167,0.4819473478430276,-0.25038338974159946,-0.015510845932604767
391,0.3459225503039284,-0.45450304814347997,-0.8610450587209639,-0.07466927211113128
392,0.35145911524850315,-0.19395764175077734,0.44554742420876137,-0.3326234090647082
393,0.2760128634759991,0.23526890356078622,-0.507191104889851,-0.20399408118720874
394,0.22980718083730203,-0.2835239707850947,0.6594285226475123,0.9846764749635128
395,0.5367853664186923,0.2544798016306047,0.9652883061874322,-0.8516227646606935
396,0.39274485623083155,-0.47104709746985285,0.3507944239785479,-0.6111980429370836
397,0.3490284460084514,0.8324104696243435,-0.8577899165312268,-0.8799701573276342
398,0.3919002389910692,0.489080250097341,0.5986974049239484,-0.6654528013543362
399,0.5085634761943076,0.7095017586652554,0.846609773414915,-0.6841874428621701
400,0.39527174842259105,0.999657301300336,-0.8034677037542031,-0.5291299153215097
401,0.27032525227060045,-0.10121921506682852,-0.2043841296583433,0.020013633720508794
402,0.2878256515904819,-0.9298089974005468,-0.5318444081673457,0.40467067372135723
403,0.38887140082526317,-0.9625324769815129,-0.9743948678377989,0.7678262192272194
404,0.2452944438063166,-0.1385788495236746,-0.437166206226167,0.21365128257094246
405,0.41575567421603,0.9352663776488106,-0.42342011201844,-0.7857039370552328
406,0.3952072395513788,-0.0631935243073094,-0.7257385795449649,-0.49447453928200247
407,0.40367930139436775,-0.37025883235796986,0.8512786911920989,-0.4065997101477119
408,0.43682844932452625,0.07016169669699668,0.8637467896436621,-0.4895389120337552
409,0.3240745115737155,-0.822430779101087,0.7500460587525131,-0.126814146624592
410,0.5087542166966306,-0.5930317239758609,-0.8421728265462873,-0.9620124824569984
411,0.3989629629013758,-0.1969825401339398,-0.9557731871368278,-0.40143080654104035
412,0.43580769350181636,-0.5962322104720168,0.25034364992952196,-0.756533569962512
413,0.43289890988605917,-0.058170711717484336,-0.4389077181670331,-0.7553343283873628
414,0.5012150290796809,-0.6097500224385033,-0.43764956804643207,-0.978787087769234
415,0.33995119518912614,-0.5933623125936536,0.6179212836488017,-0.2825638693312238
416,0.09313805542591647,0.6169009252284829,-0.045442627981605144,0.2775274478402392
417,0.20605819897833166,-0.21576369546712115,0.759621250745184,0.530746285146491
418,0.2915619862501432,-0.5158729047150274,-0.27521699910167996,0.7003629982855655
419,0.5776610509515666,0.6748750442502094,0.9254168148344089,-0.9665848354506412
420,0.1468774478896352,0.3897145954119372,-0.8644654335023063,0.29686557103397293
421,0.4214299678042618,-0.2115861476162384,0.5306372532144459,-0.6926294242012774
422,0.21160019373989433,0.005504905239903213,-0.2853518773021748,0.4700715199427299
423,0.4293861425449711,0.7182209735995777,0.6208423176475151,-0.6995392700732128
424,0.22960435302578558,0.3122790860672795,-0.6639037898069002,-0.0460800848120646
425,0.21011994759531116,0.5398417869175693,-0.6754893916796478,-0.23153841485070492
426,0.290123834720465,0.6733891492978603,0.7231006713578101,0.0016960508793653073
427,0.24097409015639593,-0.4676711504104667,-0.18671168219730427,0.4795097579311569
428,0.24704573101082383,-0.856300650487464,-0.16419897015429563,0.44562085311875754
429,0.39903877042968583,-0.5079589900594723,-0.8937386972444088,-0.3766020167830997
430,0.3956472827126887,0.004897113767624139,-0.299050064153054,-0.595280047843151
431,0.4063321130550307,0.32719522090696174,0.9885473604879922,-0.19209754560379366
432,0.2413252719859006,-0.7641012665953126,0.6938585153481609,0.19193123728524797
433,0.4987955496564326,0.1182169941026947,0.8781111971825522,-0.815949265353765
434,0.3652091335515742,-0.07598666896097095,0.7082031508527726,-0.39631635414504984
435,0.2287661188285376,0.7035521259325686,0.1623082701863574,-0.2535374410624984
436,0.17181030238637965,0.5524696861698752,-0.11561761560974126,-0.038194029419722275
437,0.1199441764123759,0.46297987186693823,-0.26408352071554897,0.4595443189602242
438,0.23835832908353394,0.1394183349097522,-0.7570131800457574,0.5668192668077918
439,0.28661341260173145,-0.933103952877891,-0.27889991082654153,0.6054707424082808
440,0.12357687236050757,0.5066966296821136,-0.07385659034896497,0.6130417721940171
441,0.06979292323901351,0.7223953483150374,-0.6773885023324713,0.4474448328263536
442,0.24522239365149065,-0.6100278843022389,0.5078858743428638,0.12872754456789992
443,0.4996331451371723,-0.2648781013525756,0.8761285473411209,-0.8047659892206636
444,0.32271399288564484,0.9152011622414962,0.5068738774359736,0.04164550027382319
445,0.24664627115716203,-0.0589492543615473,-0.9555661490431895,0.3502615902989352
446,0.12336719119339767,0.5962410404877614,0.37022559671075705,0.5017600256132275
447,0.3172045503823308,-0.2897421328715548,-0.5927872957087754,-0.03761188528752046
448,0.20968729824321738,0.9130813231873183,-0.14032632115507737,0.7172351781950665
449,0.3990135343037498,-0.11147870076448174,0.09393800078162373,-0.6121474999419607
450,0.1327039922588862,0.7709020382705309,-0.5917065184053212,0.047638353703314484
451,0.3410676155046966,-0.5127792311108561,0.5316788415213483,-0.3091011627529219
452,0.4022811905985014,0.8839129374145875,-0.10800122417027946,-0.8114090625881667
453,0.3529095405632204,-0.5292407001197792,-0.5652788046908366,-0.143460812097149
454,0.21285354952518784,0.9723456941473012,-0.412246987662398,0.47139553016654157
455,0.12215249048742137,0.8547241141290189,-0.5895825200812099,0.37752315278229065
456,0.20328694765438043,0.15165091074686976,-0.8374615581551281,0.32590986685572165
457,0.29609608868920534,-0.2087061048060619,-0.5308711975696756,0.6811414193137146
458,0.3770734154617551,0.16765615732580152,-0.6892548547535378,-0.5906509895602345
459,0.28686789716989985,-0.1457508047270697,0.2570617746554138,-0.1460012783717326
460,0.49333065847877333,0.5811617698146254,0.8407886872996595,-0.7936021507698974
461,0.1262219367989676,0.4450745760827237,-0.520849905126237,0.31465218408241236
462,0.2653533125502112,0.060825774082844175,0.28116716013649556,-0.10618486228558077
463,0.29482127278051845,-0.08810007270123843,0.43769078940087236,-0.17012010232467678
464,0.5948105829157436,0.895926283402017,0.8477598124020764,-0.7448618001197906
465,0.4628732942410808,-0.6062869159174178,-0.041279344229313564,-0.7988511256833231
466,0.23135801503628278,0.22013964384925155,0.7654475839476349,0.980507774355265
467,0.30306873791885813,0.22363559425622004,0.9632369493731705,0.17949313907807318
468,0.3737246165421315,-0.9902104354175472,0.9287638115620156,-0.14473635277660146
469,0.22555636426888434,0.6415489844194557,-0.36793376028379265,-0.4278073555733486
470,0.15890935170824289,0.19923186851440988,0.181998077786657,0.29562752073060117
471,0.4243173216418628,0.49064281993210357,0.5551588965755772,-0.9299358493395018
472,0.17407678375594454,0.22706536761563734,0.1759656609998852,0.723220894954909
473,0.436176065489168,0.09322202886555053,-0.11772645561844541,-0.9467560373735808
474,0.2154103106611301,0.4612794326127905,-0.817261273246491,0.8856667515239203
475,0.3397927040773348,0.796813359724065,-0.43907366942424786,-0.8746900523218295
476,0.0705699558039541,0.6399539085506751,-0.6771785687278065,0.3649431232404501
477,0.3663281525890505,0.3484602673838124,0.4796610437677915,-0.6003051032567286
478,0.28633932696204656,-0.49711578912327825,0.01298729812433197,0.015567425048264916
479,0.20755446850064058,0.8303792503618084,0.2669127305558905,0.8520642979916344
480,0.2238932178735404,0.9812447530947319,-0.9152608642374065,0.20503397047975436
481,0.3268093895504012,0.10703962887446505,0.7097365419234529,-0.23680256849864167
482,0.2852475168158157,0.8216969606521971,-0.7256303697165627,-0.6033259682512673
483,0.4214743923064055,-0.034543425920791515,0.6435310608989111,-0.6667201947827441
484,0.3957801935601625,-0.9340891761076098,0.2422111901144346,-0.48869840121559394
485,0.29013282895489056,-0.32396452409198595,0.22730089687709398,-0.11501375875760167
486,0.352102982918605,-0.04455339202657527,-0.6858615487186135,-0.3765289337180975
487,0.12696334944388538,0.671514968605492,-0.21427169064139617,0.8303232061825134
488,0.29498033378763694,0.9155776295928146,0.5824526120045743,0.22762361282357824
489,0.16613438476565104,0.38201313190588704,-0.5368819419456112,0.5475888049098603
490,0.32761890197861976,0.5054896307368726,-0.059193008410322046,-0.7044536243568034
491,0.41149643980527784,0.02809733436801709,-0.7017315073180306,-0.6723083452139107
492,0.17745993168580554,0.5209419083109426,0.39237033406073407,0.11014576801770382
493,0.45442694341695744,-0.785857783551108,0.7473466915600477,-0.6977779960477644
494,0.28163781376721125,-0.5596970998886008,0.4747336605227712,-0.03022606515042603
495,0.383046281689626,0.35668274210697937,0.6136293131979464,-0.5706541305938326
496,0.27306388100297824,0.1707436144395693,-0.2815866089030048,-0.14430422195881043
497,0.37856415151033884,0.19081584841458787,0.9073043003489647,-0.22043269711637015
498,0.34102231993916643,-0.9024725629260071,0.5403441930387494,-0.27615926660317935
499,0.25367436791154785,0.5427726728879898,-0.9904565275758939,-0.4608053575864022
500,0.37093038717386606,0.023626373864900962,-0.15115238338847337,-0.4744978728193521
501,0.22574154046117112,0.8644534178477883,-0.34072017264305443,-0.09772800756189426
502,0.27261904343040727,-0.5221082963006443,-0.43734699529788257,0.4760362092334882
503,0.33344386744527715,0.1853364556932251,0.5774048552405953,-0.3943691668255187
504,0.46935180622334116,-0.6512779176711108,0.9785103928384822,-0.42596887919854853
505,0.2904492706581455,0.7059466598170516,0.8253424950684547,0.197327259945705
506,0.48460041455313807,0.5347621324354856,0.8960249715200737,-0.6378562828185848
507,0.31542781300801415,-0.491125529708933,0.9580763488538291,0.134636601605854
508,0.27563779083233775,0.1399182630062361,-0.27306129848374705,-0.13360452655657795
509,0.2217031588306542,0.039365979747219004,-0.43187679326797235,0.21628160411967756
510,0.22004514858401192,0.197400933258836,-0.5680085689406214,0.5824896778688566
511,0.2890485689323811,-0.2828089731557708,-0.15317983937481627,0.8463083848626736
512,0.37996825460280964,-0.4096682598591401,-0.9515439690820486,0.9100628520926086
513,0.27462230201608934,-0.8655928041696894,0.18954100883494207,0.9907633872303538
514,0.33376269328175345,0.6196717085025532,0.3689823236185499,-0.5896592081730987
515,0.4296008301342239,0.8187651583407904,0.42331566394072273,-0.7530732467552677
516,0.28933432098440653,-0.9678981843898316,0.08985885492003498,0.02788263146765413
517,0.4614909983471862,-0.37506307277769224,-0.023925765802043752,-0.8555916097511129
518,0.39563174646042987,0.35537830216145005,-0.40153034934819565,-0.9820138539336221
519,0.39280026439043764,0.19718062322566343,0.6648445218612498,-0.5358038709112176
520,0.2794391487696297,-0.9501064979013472,0.35955848137948343,-0.016802746406330726
521,0.29034068194275253,-0.2177720695631884,0.22671035569131393,-0.1425506285888738
522,0.32875824044599544,-0.5883554552867378,-0.37855935814337105,-0.05804997512586496
523,0.36360378482320665,-0.25577298162925044,0.5836560632924801,-0.44563955703175906
524,0.4819793131981378,-0.27761299499488423,-0.8750679149784104,-0.8972156759193262
525,0.27645650055474835,-0.8981540602140017,0.8638288873634383,0.17893495682320015
526,0.4988598222659568,-0.9777597975988188,0.7497891951203166,-0.9921666865240617
527,0.2990338614996537,-0.4492864360315032,0.1022096213971384,-0.07858555107818366
528,0.2612033301839328,0.08743818442365758,-0.41604144549764954,0.7508889160379488
529,0.2152074308846344,-0.6823943306191971,0.10101529989475111,0.43548319035664096
530,0.19407647304298326,-0.6202579322959691,0.2836580258245689,0.3689191816369186
531,0.21688195188266512,0.26314351025870075,-0.67165096206189,0.6165927915222877
532,0.37905854777944215,-0.9084454364694827,0.2530864755091007,-0.5027388678973879
533,0.39866510489208495,-0.7517637340413181,-0.21531722942901954,-0.3538905529683747
534,0.2569216576828891,0.6624726008546435,-0.38225540991751994,-0.5184758521311614
535,0.2709445647087726,-0.3538581786913999,-0.1964935375752912,0.6921224507340371
536,0.22387089152219491,-0.554000615663153,0.12219788634138484,0.26579609710321006
537,0.25387392569947637,0.0653814871104812,0.32419053059743397,-0.047720322780344215
538,0.14100483440399625,0.8843675855570083,-0.6475596740607699,0.3999225201073293
539,0.443070872563659,-0.07584674379582768,-0.4079285938216415,-0.8145771070456911
540,0.2680041836187831,0.05763054866930517,-0.2656486925883492,-0.04629416196158509
541,0.3572090282218272,-0.94057757822435,-0.7845284265778592,0.6701054439724317
542,0.1504444155201966,0.3887807716413372,-0.14879863181523878,0.20539317905408105
543,0.329545510677764,-0.7376952997799711,0.950313023296794,0.0707868482213585
544,0.5328136399262183,0.8484289831727576,0.7559310687783747,-0.7210628526479654
545,0.26010742044373125,-0.10206229694514923,-0.5741258886534546,0.14861158942081532
546,0.3107327100394323,-0.1125538458655615,-0.6831431981117595,0.7626400508487692
547,0.30040978109688843,0.1490033894177809,-0.7111998752127291,0.9314010315072556
548,0.4009841058310572,0.23700965172869082,-0.2012023181320799,-0.8364400042396809
549,0.10597556196627002,0.6567529583669358,-0.45163185619476076,0.12672404071684773
550,0.1994397123643955,0.8079247212777894,-0.6549706249051108,-0.18572445309023022
551,0.19834983100176745,0.08688707754493863,0.41468728077592276,0.8561692083319183
552,0.47305934668400895,-0.3498128549524322,-0.20571642946671975,-0.9137159607085406
553,0.4280508505595763,0.9086223576712789,0.886320852169421,0.08057369028336869
554,0.26057249693076345,0.8152481341729854,0.09865214386789511,-0.2348060753114447
555,0.39626370634800123,-0.600302495004184,-0.6717633353321264,-0.35433343666726147
556,0.34517280291328706,-0.7197355980734825,-0.04497870318966801,-0.2218480100607525
557,0.46709523812920783,-0.9696201330196788,-0.1362194339588394,-0.7550869374731877
558,0.10882989255895538,0.6113359734052952,0.278052283664993,0.36540279345052573
559,0.19137561192497157,0.34171702591496067,0.02064502847891103,0.04948912311205822
560,0.2067408244278684,-0.3912570891907927,0.7356458603410851,0.6006671429762431
561,0.18576117207127665,0.1562011798441385,-0.26358201263035963,0.4578517790486609
562,0.28600041348267585,-0.4020654680057827,-0.3936724696229039,0.6196912540513129
563,0.2722101614727799,0.5406539502894907,0.9245741691950424,0.7310384073442273
564,0.25421638457915147,-0.5251985672401307,-0.11423757496920794,0.6154486340268659
565,0.2786299091606559,-0.9235993737954153,0.9674340199500704,0.8232541395492932
566,0.5124761696060783,-0.9855519820338474,0.9596890353851921,-0.6930989962405003
567,0.343246903887926,-0.3095793899225394,-0.7241683271468238,0.8132000839036151
568,0.3132806755318909,0.10459686649782829,-0.8981905949231948,-0.25379763021098745
569,0.3702505069666751,0.07414169420858818,-0.08400950341563229,-0.5140146729843282
570,0.4367468437759616,-0.7597482588473696,-0.879065765988885,-0.4064637676613263
571,0.2246991071697285,0.36297109938518624,0.7771587237763338,0.24075290891873102
572,0.40611593867745766,-0.28483871729893595,0.31410217073925706,-0.6342083232353306
573,0.3107372608714082,0.22957644638047614,0.46536577653324307,-0.35785943576475887
574,0.4108921767457245,-0.7734334486442753,0.37332163063900703,-0.5910197203235181
575,0.3898980572337005,0.9634124704432052,0.8065502082216858,0.22532865786854228
576,0.3185949544640033,0.9239477945322963,-0.788004329117771,-0.4286279857209845
577,0.502707552010071,0.6892051479482975,0.8197171537381227,-0.7585666340027026
578,0.4119246927373144,0.7853214145739105,0.6763335253060203,-0.4613501578662358
579,0.5073924806512016,-0.9871868152745964,0.8709348326566186,-0.8392609750415985
580,0.2158277443699797,0.9321305632181109,0.0982159127987372,0.2760894352632144
581,0.2967911053196587,0.7138558620858577,0.8798829763677753,0.779748304995368
582,0.1415685926940205,0.36289069464938417,-0.32366420325401335,0.3962504139299772
583,0.24876827773694216,-0.8567269548356102,0.8703806638010514,0.7967790397282943
584,0.46483295929564167,0.9760208259613421,-0.5317619660936135,-0.9441261718167582
585,0.2712703491129729,-0.43739306396183064,-0.561956786246887,0.4168926022826467
586,0.32834231612597,0.032638556786341644,0.046843617366123746,-0.2992063922588144
587,0.4563562861078486,-0.18252878866569544,-0.13321004648027257,-0.8871296271545599
588,0.23244869315721273,0.125943678435247,0.20376136686228108,0.00523427325397563
589,0.3745357325445806,0.957371136421449,0.8331811339264661,0.57213431552592
590,0.40911564732774214,0.7289071085093597,0.39630480905499454,-0.9217981483643194
591,0.3885744220309456,-0.6022360178519817,-0.8914468661592965,-0.2636193559579685
592,0.3081240213899588,-0.20934472140457938,-0.6481787255989133,0.6958287622259989
593,0.30302013644865694,-0.5559783866254904,0.2895005780459443,-0.15337886400667755
594,0.36268369594539995,-0.8033694397487161,-0.9340398362434366,0.6565918165970255
595,0.1932240603391759,0.014351351522425393,0.3943422522201747,0.7581343800768683
596,0.10616745502968385,0.6788781582309271,-0.12946555670025006,0.6694392889336429
597,0.2472561523659597,-0.9735225903944458,-0.046070588710933835,0.5632904967579508
598,0.4207162949335641,0.08688964483551853,-0.048325931506481234,-0.8368607389438867
599,0.0788068082726106,0.7286916996081823,-0.5112793760086995,0.24620376613725425
600,0.38093785667592567,0.9431674724432864,-0.11177094362443873,-0.45774370191968705
601,0.3375261592923903,0.33191049416483187,0.35174923553875415,-0.507782169508588
602,0.39545938352335663,0.022610903034578245,0.5774665499270837,-0.5747566567984068
603,0.42406208183750876,-0.4222569877620055,-0.6844524658733298,-0.5670656284311588
604,0.3384476802281993,-0.43950827662973024,0.3248312681885297,-0.3470086149695466
605,0.34392087964511947,0.08388783730281912,0.5272779392239662,-0.4339164140881324
606,0.14278963553785454,0.8282290333772304,-0.7253269151531563,0.7216272008817637
607,0.16549389291661923,0.34906779612270067,0.3287040997674191,0.7915294024350144
608,0.313553240526891,-0.8147055825967884,0.9501175883788975,0.13448202112185692
609,0.23158359199564482,0.13698678522826713,-0.4908521406787658,0.1014351303828247
610,0.193533898579196,0.2568085486238627,0.26549542678122484,0.9070158563279351
611,0.14218362289781644,0.6124668275279428,-0.4740873595220503,0.004255762280486852
612,0.23260253595786817,0.8302333233002601,0.5994295381697883,0.3575517599623985
613,0.25440381949916635,0.6364552430167723,-0.532518838561111,-0.5018081146495768
614,0.3012490233162066,-0.6615707086405311,-0.4562018661370668,0.5947456401675459
615,0.32292225098512156,-0.741745646012276,-0.49080166560382077,0.6786450659783632
616,0.3697059243112138,-0.8292051616334302,0.763876444474229,-0.31939464888516
617,0.22403056637896887,-0.45995231331898556,0.8364536297321274,0.4358091967421205
618,0.2020235475127848,0.18543954702939636,0.4212700590572811,0.13900185016535893
619,0.19351988983527427,-0.13169323727130267,0.3143089422469616,0.6751429506466053
620,0.293166670644524,-0.75365065624511,-0.6973258191360638,0.32706450128488984
621,0.2585578709942501,0.04112064750845312,-0.952597685027641,0.5293435265171003
622,0.21637266269500233,0.1597579914790621,-0.8681485227486687,0.19662156760357852
623,0.37295323613701703,0.3290804696302174,0.4950662266806709,-0.617311991717842
624,0.2141024267161733,0.8106671384518291,0.3126366579997957,0.10086617593781022
625,0.264131857832653,0.1868578201703497,-0.21777446932608235,0.9574185329185503
626,0.3891763256541576,0.6930240388155096,0.9535975896538713,0.025389878746721717
627,0.4669708100386408,0.24617580649103665,0.7371865377946176,-0.9085773040025855
628,0.27439641218988386,-0.9474836580191743,0.5716379927844097,0.02535735781598092
629,0.321814155257066,-0.8618193801581442,-0.4217183361044392,0.03997555108040518
630,0.20727425513783573,0.29251982948643396,-0.042335666533038996,0.8697315840083657
631,0.20925162138757208,0.36297038467473053,-0.978716754416288,0.0055635193544816275
632,0.14408338791333894,0.8357803351332713,-0.05129142021399069,0.26770238803058666
633,0.22059273039434682,0.005777871546046587,0.1403635174026041,0.8444744502070594
634,0.3164847175856525,-0.395840569137901,-0.8385121760857854,0.5686936740076396
635,0.3916767852734653,-0.5655353369380347,-0.7553284071315398,0.993140378322259
636,0.3503884092831888,0.09586429736353885,-0.9984894085521152,-0.44866644363208574
637,0.2864435560183842,-0.5502885781041051,0.06559518898987426,0.9639706314521728
638,0.32129617562806206,-0.8467941480581569,0.8758383032932462,0.011610858838903226
639,0.22570665864751413,0.29039362391850987,-0.7210416697556801,0.6904744882502254
640,0.3764623785861787,-0.2220116067726381,-0.9228006860672795,-0.26227655985163345
641,0.3645306007022711,-0.5176748477046875,-0.2024552744794943,-0.3099295788210823
642,0.31055852669982265,-0.05360233846160689,0.33485904789206233,-0.2836171603127722
643,0.32585718577307254,-0.5497270207524987,-0.9062872998384459,0.5271283853667375
644,0.4845195693072511,-0.4125080868033435,0.8187969645832995,-0.7954341556432518
645,0.4021337608632019,-0.9093800262810805,-0.5389594711319969,-0.25185947985349433
646,0.31531987042372733,-0.4592574113189307,-0.4604091336384817,0.7226446420890282
647,0.30847553078262846,-0.5901057331796731,-0.372970300983684,0.705327172447795
648,0.30838894005406564,-0.6370108408356003,-0.733195870812754,0.4755766318499195
649,0.3135296795142862,0.6168661494036871,0.27381331145468946,-0.5489708487949083
650,0.285925478271338,0.7538289417521964,0.8117314746740074,0.7974329722929423
651,0.4791767097344637,-0.1765296683355826,-0.7777311242273994,-0.9737391740180164
652,0.45048640242660004,-0.16894901449368915,0.7257420601347493,-0.7368343744214048
653,0.31392241946716704,0.3417490297972525,0.42171512503950925,-0.44542347803966265
654,0.2786503429394419,0.3303106071465438,0.12290007851701823,-0.34950853209789234
655,0.22731031756189518,-0.9604181012954027,0.8075375896577281,0.664961925933202
656,0.20177320034686996,-0.4167549893626572,0.15371032598772172,0.35541277500091284
657,0.13801558318408755,0.6619718594330963,0.2982738691120206,0.2095587805986201
658,0.25903647135187613,0.08514715108300153,0.44969267148660585,-0.061364357344612985
659,0.396923337866451,-0.45199839592842217,0.4278499008717227,-0.5261961011055922
660,0.1227430841309232,0.6127461269980647,-0.4597845305223671,0.09120725953637998
661,0.345355561516533,-0.5280865366473362,0.5503782743488941,-0.3197928381608943
662,0.20598203995198816,-0.22159417692643335,0.006067426714264412,0.33753607956816367
663,0.31021295480976946,0.06676048272813517,0.1287331573901065,-0.33201644894951854
664,0.40451220005010796,0.5977581942864489,0.8051777462883627,-0.45597313715413246
665,0.29431920189830707,0.0819552942179178,0.708312164499066,-0.08187044028371648
666,0.16418280227695237,0.500690620106077,-0.81657398278394,0.6829848626800359
667,0.44689035353056283,-0.26077326446956106,-0.9021168723155615,-0.6593902597287646
668,0.29867087133160275,-0.4815743907365728,-0.07021693557460984,-0.026636340946007753
669,0.12257886136368731,0.6800508672237937,0.32375390506294877,0.5168899321833158
670,0.2243420029458681,-0.009977775171057912,0.13365773195003006,0.8498668309446569
671,0.4622372436738361,-0.7466497530040996,0.39230603470304426,-0.908152143750607
672,0.23228915877949924,0.3908105371564907,0.42576099847215554,-0.06640300405268196
673,0.14821781878897927,0.7515361046544786,-0.24414920223602388,0.9261266286440086
674,0.28897150702447644,-0.9740369103334994,-0.21688092970352835,0.6672571897951416
675,0.6405157159357193,0.9568639014379596,0.8205269046176222,-0.9069066062676359
676,0.29633785915890837,0.7417435114736806,-0.21187998661209217,-0.6599163859473369
677,0.539860507380518,0.20212919846486233,0.9444204351794812,-0.9514170455089253
678,0.3473864087288953,0.12801502652049046,-0.02054803112155401,-0.5322620042863513
679,0.47623232754684663,-0.9725672056309851,0.2331666389604301,-0.9977498575119157
680,0.3656661010389502,-0.4780677874702912,-0.9861429852240964,0.7721868357374038
681,0.3552199427284274,-0.129872020252491,0.9709460632492295,-0.01186961356715388
682,0.38701190068985114,-0.7111625429333892,-0.9670970554723324,0.8226109107417947
683,0.27272411005818753,0.16615977435311224,-0.6268151533750683,0.8141091566774916
684,0.45598159519868436,-0.43346983336540656,-0.02731220631912823,-0.797007325156684
685,0.1313502366075147,0.6776390150887652,-0.6703442842114951,0.8655507349827745
686,0.347571842741396,0.9937161480041174,0.5104492532185334,0.9270705668391739
687,0.15761066010360342,0.3022885314597272,0.38351814718027954,0.6633451260327103
688,0.15846809674401546,0.6512305357911792,-0.6550594313543403,0.9792070130247921
689,0.21463190663050352,-0.8486428989428649,0.43371629793121014,0.7337421674971041
690,0.4475042356365556,0.13769402949409448,0.7309852408431368,-0.7541893291108066
691,0.45338651673585534,-0.42821138944694237,0.8924427795759879,-0.5074114627413013
692,0.3506738057426654,-0.4279200684651201,-0.3959437321255266,-0.2262493771192442
693,0.43609228058580296,-0.07483832566014148,-0.37661900611090204,-0.7734327363947069
694,0.3014675789792897,-0.9465980279058259,0.7056671265012036,-0.04323400162523594
695,0.24517042926213573,-0.912447313104382,0.006011504852778238,0.6073684864664421
696,0.38588896381195686,-0.3858871743289396,0.662641842321239,-0.4990616256371019
697,0.3567181185847511,-0.9424017171280048,-0.8811005807125032,0.008594607604099025
698,0.4562086300248014,-0.4174096217868093,0.4677881782099227,-0.8772037154376298
699,0.2511527174823871,0.8750381143083037,0.0014362906412646037,-0.07813346534809895
700,0.3780986287573527,-0.7181086817706561,0.7475725126615163,-0.3821797199317598
701,0.3182075006357795,0.44294945496881044,0.9900717954437643,0.20673652253708164
702,0.1835205962114655,0.8840135566817442,-0.434994561763675,0.12491671678190208
703,0.2098146830388385,-0.7476464417889512,0.2806812613215146,0.2789700475876298
704,0.2849465940689747,0.4222458295220104,-0.6556755746974838,-0.4530837948622526
705,0.2754732142076095,0.8144240472605067,0.5716513954626201,0.08633448765209994
706,0.17610976705634426,0.0888219754576356,0.4476561451780807,0.29384907253335646
707,0.20999201527589997,0.8954282751767579,-0.3224306521182472,0.06434134863206786
708,0.18834242824645778,-0.32322372802281096,0.5802895016104406,0.3741375701904839
709,0.2884566583419016,-0.151035805064474,0.01612341448229415,-0.08317143894234191
710,0.21248467074736077,0.2951355481732376,-0.2309920004741819,0.7929229049299789
711,0.22102970783787657,-0.39880000726035103,-0.05135905041480693,0.4627013460199736
712,0.11215660293815659,0.6031422665409831,0.16816231206147658,0.26173460322538866
713,0.2742365765219963,-0.12853930223693566,-0.38560216221297794,0.05251439375906952
714,0.44477031551426205,-0.39122362974673175,-0.5460123654670097,-0.6278835599783414
715,0.23329270958245935,-0.701243384694872,0.08441945371287085,0.6212440262678947
716,0.3180238520106946,0.4843396548247716,0.7889552007817873,-0.12145266858834525
717,0.26159231247450915,-0.2887035504120461,-0.2849771168789803,0.6002929831649486
718,0.453002081131549,0.05100249876838259,-0.5912457621931979,-0.9906561270536338
719,0.565330559632599,0.7662191762342969,0.8258308464192541,-0.9980782530435026
720,0.1342458074778726,0.865089029476892,-0.9282255910807928,0.23891427922351482
721,0.4757118220340542,-0.5653087244457564,-0.059396627557200876,-0.8975922127194076
722,0.35653616482670114,0.8491495463389684,-0.09366456092113462,-0.6556914761381132
723,0.2094148335528978,-0.11251997363483857,-0.17457944810823345,0.4091676224398051
724,0.13143030653826526,0.4037088951113117,-0.001545590471272451,0.5260001245564754
725,0.17306297844373753,0.49852259040764757,0.5874285262660539,0.7329097959559694
726,0.22320387685505416,-0.4642188933176752,0.546372949824693,0.20732817373049528
727,0.2337615038102724,-0.9456415724715543,0.27662634126608965,0.8255079985036258
728,0.22932883455237268,-0.6539664822862092,0.2747681836066098,0.8231475893814977
729,0.1335542762445513,0.47651320608825576,-0.5118312149292039,0.2109934841530683
730,0.26092690858475837,-0.7034862245732156,-0.28927741308109445,0.47039315225085665
731,0.333057106490496,0.8052681387069776,-0.9682363723748109,-0.8910263082405689
732,0.31037162157709,0.26758787119343386,0.18505309618819998,-0.4466370053072968
733,0.16103922161047068,0.5060478129847765,0.5131299641883,0.7164891884801428
734,0.11760215844356543,0.6523768809660484,-0.9733539082402844,0.736313420174801
735,0.11888980672207763,0.7766853528637871,-0.15290564427103503,0.20341595507147048
736,0.43998384921761896,0.06890497856812638,-0.1904671612617681,-0.9450293790761646
737,0.18664095714094242,0.39201526815531174,-0.9442888157753349,0.5987467487786111
738,0.35404513680412764,-0.33091162992421275,-0.8659484239827169,0.8173661270378028
739,0.3794552870959528,-0.8727340105469792,-0.36945593098130125,-0.2796151249354586
740,0.22140690797097928,0.1514715911264597,0.7427374168030614,0.8926318585713051
741,0.31376743881021607,0.6043801582842538,0.9888616622863378,0.3125629573177853
742,0.4029594711403687,0.17869446913633835,-0.04601772783434077,-0.8122457577150721
743,0.27561286982210675,0.38197213856066714,0.6500179591323274,-0.09499686995176071
744,0.33859004386680025,-0.5067184414867945,-0.757663752008003,0.6822180694987758
745,0.16557226691960733,0.7163500012035426,0.3403886712113784,0.8409494810744116
746,0.24509516837998743,0.07210774650530416,0.6587805729858167,0.08378727025864974
747,0.22044846649907995,-0.9237727202580988,0.7762201240472277,0.6530006153498158
748,0.25782997102481836,-0.6814095841562842,-0.062491957487034844,0.1918276017167302
749,0.27015883467034285,0.04052652728377604,0.918366187324843,0.9629141084795831
750,0.30535523033351536,-0.6742430357764304,-0.6701964385831494,0.1813586860159424
751,0.15777676649335345,0.7702257494348579,-0.2170433948796997,0.0066019354330775215
752,0.23500139238257106,-0.7577136514921092,0.22126830665710862,0.7946053060941489
753,0.30187311541990464,-0.5217592834817781,-0.49017174554845866,0.6104824134549978
754,0.3938955124565643,-0.22216922759069258,-0.9853228818779103,-0.45252039705204594
755,0.22671150217118385,0.30753144664324883,-0.730212548870689,0.7189274812384936
756,0.35930893962049815,-0.15520143190598756,-0.8474073709275609,0.9727231435184138
757,0.25754628109723576,0.6028126001106546,0.02416349536745499,-0.384970326268234
758,0.2266483166796578,-0.5657431676328242,-0.07188183203502985,0.3685319262551987
759,0.2720313696011074,-0.17494411825207612,0.725341869198945,0.047778649690234376
760,0.2380305151610756,-0.4881750256804973,0.8101857865485904,0.8522072633102555
761,0.37148314921770387,0.7397658963990896,0.16781385997019949,-0.901566945926805
762,0.4424296740272352,-0.6525069234679899,0.48015373934503613,-0.7517346402695908
763,0.13450459526413408,0.8046314627553988,-0.5975837218079212,0.10706524848313137
764,0.31300034481848416,-0.10233000813542348,0.5625931754155531,-0.22534587374340065
765,0.37551572402450156,0.3511734689475223,-0.32439259764183626,-0.808371937175387
766,0.19248204769849112,0.28623012029562256,-0.36167588985922916,0.14130366693330654
767,0.2958077362123513,-0.8909574347551743,-0.59208183771214,0.2525535556946341
768,0.45041618067432265,0.9512356055397266,0.9763082932576288,0.23819591743828972
769,0.13394063813221235,0.3294923252017301,0.02142735231534676,0.4021166331486099
770,0.425684475606003,-0.2695968288869315,0.7226943301837883,-0.5900664971024585
771,0.22191312925129728,-0.07777976456243163,-0.42745604173024176,0.3287013529297007
772,0.29218902085889054,-0.9582144653753892,-0.4741077789977899,0.481362694427905
773,0.5103711614273897,-0.8900612667150838,-0.571427904019268,-0.9401900420610265
774,0.32748818791549805,0.3705224099027691,0.31451055601774147,-0.49177860970300546
775,0.30096358158790004,-0.02499388754362264,-0.43037461108325115,0.8734319903872729
776,0.4184280336028464,0.07817778232646977,-0.34969911470134596,-0.7892232596535165
777,0.19240470543498855,-0.13983674129132395,0.6985904232762252,0.42534798986098643
778,0.2806129332997917,-0.7270356232742587,0.5431972149777513,-0.01084364742192645
779,0.4816151689020124,0.568523367243249,0.8017461194848803,-0.8330929978094841
780,0.28838139602545304,-0.8184179109216829,-0.24593599863697957,0.6564767579351376
781,0.5161394286797734,-0.6797690988971341,0.9321583902036874,-0.7775293095556592
782,0.3112503894456618,-0.2715542969397846,0.17326530314548605,-0.21729368513792657
783,0.4248901241977143,0.7903079924637393,0.863382317405553,-0.1642006092498891
784,0.47260951088401904,0.802495923073727,0.5960404833129267,-0.7982109433189606
785,0.3075507794773232,0.8180121365571149,0.7814135525923283,0.8586304617411049
786,0.2142779446430254,-0.18032027368568992,-0.12159782850930645,0.3078439244714428
787,0.1375689095563536,0.4560992200942713,-0.7411003240531355,0.4674376612567672
788,0.22135415884286147,0.2267809894029953,-0.2318241148229203,0.7610299093632971
789,0.22557927801037778,0.8462636885994594,-0.7007371452953686,-0.21242273862675676
790,0.20866865664333514,0.1227052912076192,-0.4365983559058957,0.4896475751229916
791,0.1887403252393255,0.7366223742688109,-0.6814446147679916,-0.2838240711081854
792,0.2111824837146516,0.8654414966116899,0.11315155451024772,0.8449904123539405
793,0.3763503524336149,-0.7198660266672021,-0.6773942836239899,-0.2065117904112368
794,0.08176590159735495,0.7901042094644761,-0.8555704931082946,0.31125541658947875
795,0.0898080995578035,0.6770670418198972,-0.3045086848301639,0.2130637077346711
796,0.22316835585053388,-0.7533347866403772,0.4319541102534805,0.8293500946349985
797,0.4391050476104087,0.8583795979117859,0.6802239809346167,-0.4203254161365051
798,0.16742406131075666,0.4874260229776266,-0.01756174666111132,0.8974266466063783
799,0.15231276721673437,0.768312475182813,-0.44712301976519453,-0.022411782958105197
800,0.33220992179028974,-0.8649518646935508,-0.2494957432360907,0.8876019339456653
801,0.35302735441692573,0.9389953830723345,0.8161515716769583,0.41177057507396797
802,0.24977949053676995,-0.5886408916976849,-0.2675868849547336,0.3072923499314264
803,0.32746422850582363,-0.6870333553437582,-0.8269141348740348,0.1042363698125115
804,0.19006530499558694,0.7084348193350631,0.5882902741021128,0.652151310810696
805,0.2063575345909362,-0.3647750892996229,0.4776979588467043,0.7305581530835679
806,0.2924277233776123,-0.8770491971020005,-0.33582832332812473,0.5999586288847942
807,0.22630411630107322,0.36973448306961054,0.5459990454516768,0.03244420405750348
808,0.38717029050137164,0.016770594564680552,0.5398593005271604,-0.5513148323174497
809,0.4678558261346318,0.26232276556161893,0.7823019347102218,-0.8213337905096596
810,0.3414117023306009,0.6497696138771809,0.8873429188092128,0.036213938755149
811,0.41058065960350354,-0.04561344587148386,-0.7707045696770345,-0.5976895566318348
812,0.18397090205888078,-0.21217623383077733,0.37049519031348765,0.5205992797720729
813,0.18013023265045577,0.4314505330591156,0.6769164513561863,0.5907826590234191
814,0.5104652273482144,-0.8571866690168042,-0.6046391377061093,-0.9386813859316765
815,0.3826442060405204,0.033605831058014735,-0.5228270766732879,-0.5111443245698892
816,0.17251609652111874,0.2982003250306995,-0.20527371705601172,0.5852953508453775
817,0.3403108656086604,0.01262335982110896,-0.5474000946602733,-0.2599038489060739
818,0.1992506843810087,-0.2573356211764726,0.6345548999438515,0.6470368731218319
819,0.2316540405605892,0.31217837919025815,-0.993718607896243,-0.03987907367555521
820,0.35968625910989377,0.4736803147153088,0.5223799585771882,-0.561431414941393
821,0.12825172147937014,0.531088854907874,-0.48520057435594754,0.15687973944672295
822,0.2772607276107511,-0.1601718223837163,-0.4548585787268038,0.06731005799742884
823,0.19971227645062206,0.3246672103274546,0.10486329191854549,0.03289390637717493
824,0.4685248393600946,-0.31637369816106053,-0.9569950910108744,-0.7692241240679747
825,0.2522155992405249,0.9118670947837224,0.14383718109820953,0.9388698475963209
826,0.26424457128405976,-0.14958392320316816,-0.5713876007954131,0.5217832090617449
827,0.4033765464352932,-0.30942538648575013,0.4069550594862337,-0.5894393135523204
828,0.11311703354191292,0.5047215527748163,-0.11850678887675103,0.5140012129773981
829,0.30113281081900234,-0.024154401705933637,-0.7238735546274371,0.7609999923575863
830,0.44233483002824736,-0.4479818665737656,0.9178108547126103,-0.486199783205153
831,0.2517039042599284,-0.7697451692775878,-0.21185933164936444,0.4606501836272119
832,0.2233066135177313,-0.3364684393202788,0.3097335595128099,0.865789471825503
833,0.49312661396353913,-0.9251780269457002,-0.4446271067532881,-0.829254664736141
834,0.3892947374360077,0.17503164543870287,-0.04528365382423227,-0.7191713453018913
835,0.3212188476604527,-0.6965081696019069,-0.9083718168426271,0.4464880909944935
836,0.3919462163628022,0.9512432086151545,0.29256722072613783,-0.3543511172535736
837,0.34747158342231016,-0.9497834649052181,-0.8924657645931169,0.5488714374002321
838,0.3094602270257143,-0.7807825820660079,0.7413591356301128,-0.06863284223728439
839,0.46119942906910677,-0.011704003159871856,0.7299074726488688,-0.8173735276009211
840,0.2864465507826477,-0.27040695023379757,-0.9315350705120358,0.43506812993973965
841,0.3717394100140339,0.9103585686506628,-0.5629949200948314,-0.652471671660273
842,0.45487106343374506,-0.7444520314319143,-0.9576716575651494,-0.6131671671721182
843,0.22521065607570956,0.9658301388628399,-0.4360674505690747,0.6297571629024876
844,0.22110289535499134,0.9251169028334372,0.07287656168380585,0.6471116842399147
845,0.3164019652837854,-0.9522664856862266,0.6685092351248565,-0.12483462349035568
846,0.39878541485887575,0.03534957916521675,0.8447557057038639,-0.41077966837257307
847,0.3198114225581879,0.07399119445382141,-0.7311164770197347,0.95880318593049
848,0.348387983992094,-0.810404312146785,-0.919253414838217,0.03514632969859233
849,0.2667873767474428,-0.5664998352018165,0.39972275534243695,0.019106651527622365
850,0.2207445545367066,-0.8195432469512112,0.22124664315470022,0.6568798148116475
851,0.12282529793205565,0.5968370563513616,-0.6251719960318132,0.09766669988459742
852,0.27315276463359534,-0.27359346616505986,-0.8961124101698192,0.35978312841526994
853,0.39146204030213955,-0.9836934609158292,0.2325601512233635,-0.5441250260067461
854,0.4088778120311124,0.14078502110482494,-0.1862869371892062,-0.7862852136624856
855,0.2354513050057303,0.2776884105691899,0.8871790226075711,0.3608276808727715
856,0.2104912914235995,0.10651073783853637,-0.7756865868721119,0.3146041661928587
857,0.41612844331573706,-0.17598604349703417,-0.6844646915439243,-0.544424823260675
858,0.47258204442443563,-0.30949884853119514,-0.5419255284548878,-0.8576394997283696
859,0.16475427954405603,0.25285462722377994,0.13548451139894446,0.6615915390871454
860,0.3269551099008822,0.7431501853119604,0.7208792741021643,-0.06137690492590142
861,0.24743106269381254,-0.1440811423741355,-0.17152729662203114,0.6691028520018913
862,0.1772581095682716,0.69732286523588,0.5964271931645442,0.36711723744931857
863,0.37183789330090344,-0.9703844886034869,-0.9361144127303724,0.676016618659975
864,0.3995310098135231,-0.18284354129246672,-0.303637698533217,-0.49871725831619984
865,0.2872918736895433,-0.3167017782982293,-0.6586438478138363,0.5172411607791016
866,0.21332253893481606,-0.4606113313606761,0.08474867048936296,0.5021268689988738
867,0.33015106307669323,-0.571060084916887,-0.5374814746248207,0.7271370843115881
868,0.41879242442180575,-0.7625841793185659,-0.22208117904501012,-0.46206916988025615
869,0.3259579230730794,0.9899130473952582,0.5324130039899946,0.7014516551993066
870,0.14664798461211304,0.808064278808351,-0.3861367103578295,0.7857723478127039
871,0.13676618138555938,0.6387017732797811,0.4083095172115867,0.5990105810960002
872,0.36416327335311927,-0.6992238750983903,-0.9323069918786708,0.6965081991822446
873,0.10159255374200735,0.5995495858725897,0.16540377731686706,0.4648603251177226
874,0.3838875584619081,-0.31122605742035825,-0.9845232803793271,0.983480070322482
875,0.2273685990329847,-0.25472352240116836,0.5467708173079375,0.9969086555284841
876,0.30698033516811307,-0.885551875909395,-0.0961976931801003,-0.002238336825753695
877,0.3109575428538975,0.7705702576713209,-0.3367187469395423,-0.7314266578055897
878,0.25767762046215537,-0.7197238555745527,0.5575045762521136,0.08409133709669336
879,0.1690322677207602,0.05473940988324233,0.4100292735975317,0.5057745825235074
880,0.15295627539587497,0.6180552810320954,-0.9987635516528484,-0.07201965167951085
881,0.372019776291726,0.46911124186217035,-0.951730914270335,-0.986282768040371
882,0.43512217826533856,-0.33459060983182143,-0.7578569284911043,-0.5591194880057944
883,0.4880500844532677,0.08457305421902594,0.9556997057054102,-0.588553237298193
884,0.21165574267137527,-0.09151855765368633,0.3723219201034662,0.1845255290097796
885,0.19047827639943948,-0.4286290204534138,0.5166091822438774,0.38444746414339237
886,0.21353397955738168,0.9174345468097107,0.19093341901486371,0.2916602527231804
887,0.2000372659595493,-0.43876812583538705,0.23722180960313244,0.30881110346528273
888,0.4577679046113543,-0.8387539798416774,-0.028301325332943605,-0.7372926490091027
889,0.24461453309863052,-0.9887465787181926,0.11001273777481635,0.7064043056947604
890,0.4477683714236174,-0.3525103480829048,-0.5673388473970131,-0.6596054553671657
891,0.48481048371413676,-0.7319990866326083,-0.2791704113615192,-0.8594366909836364
892,0.22953476134367498,-0.5509788179317596,0.43746650635294904,0.9112416363050118
893,0.10019121947056223,0.7343938993897863,-0.5690320493669845,0.6593123765180946
894,0.42232982236089356,0.24789019657780798,0.47341193215707333,-0.9014641350860282
895,0.3707833946382746,-0.5450149802049657,-0.9086685256235993,0.8050672246540473
896,0.10950871497075296,0.7159860786459027,-0.0255544813669748,0.20523641602284814
897,0.3130527394857844,0.49373798480413633,0.14309743424231436,-0.5614489987787823
898,0.5028075445281521,-0.4749732946624745,-0.866886558120737,-0.9588128596206014
899,0.3450042428503113,-0.14897648921692386,-0.2826479028348694,-0.32055619199060814
900,0.3468946228102189,-0.9003884987746384,-0.5784968186513311,-0.0370476432903144
901,0.3354652362572845,-0.8196849324073923,-0.6856859519821648,0.04628390540163996
902,0.23049224389988104,-0.08274753305671645,0.2596981140104475,0.9627043160427338
903,0.2246492126179937,-0.12490143034751466,-0.20103608275993645,0.5149439104373832
904,0.3546283291972088,-0.49417787076812925,-0.899150349234767,0.7266169532925171
905,0.2595243948787067,0.7801598514087731,0.541829141891198,0.056193224561452926
906,0.423393911490901,0.07940807765411617,-0.5815917676554259,-0.7996033863623333
907,0.24128816204144724,-0.5234808680834859,0.36231480229262525,0.9872659141444078
908,0.46171979430538357,-0.5167124219729462,0.7422673319375555,-0.7592948382642506
909,0.309807197462036,0.188598397057554,-0.42771500848320554,-0.2577724301166904
910,0.33279470932563626,-0.7483564058374437,-0.04567453913124475,-0.15480830811780089
911,0.3825661144515485,0.16437413768704423,-0.8536489797765063,-0.6121761706385822
912,0.14265996155469907,0.2976464853441103,0.393959836702221,0.4060490522940803
913,0.3233461345538639,0.6752717690604684,0.9881779288665322,0.5733297955324117
914,0.35086239317691864,-0.24852379184056006,-0.7736881263638058,0.875839583545369
915,0.20864353348932885,-0.6770445593004699,0.15888404901661657,0.4304278739440133
916,0.35944645210451487,0.8356402161052312,-0.7808071064136375,-0.9315332155000768
917,0.2269035329007967,0.7035479356106307,-0.23247145578797257,-0.42279740500686125
918,0.3803647753107897,-0.27703670400246305,-0.9243132738528534,0.9972186952837956
919,0.27806230889127515,0.10592201274245783,-0.30925694256060066,-0.12020580090151611
920,0.3907487884711029,0.24735605588052678,-0.04192679623800144,-0.8104184822748481
921,0.32985220171226903,-0.924795930560532,-0.8189822313319404,0.14229530586986572
922,0.2027448856208832,0.768148621370359,-0.017268954500428535,-0.12693968752618723
923,0.33467571972357213,-0.6225819884269808,0.4996977536610847,-0.2747695722028871
924,0.48781877304412496,-0.6535193890842119,-0.5981940340439265,-0.8028507553655821
925,0.2062471257091409,0.15918430202205713,-0.06638275510892555,0.1442766938849409
926,0.24006069827098114,0.3102556284600486,-0.6948356717776447,0.8023328406130636
927,0.3750830233586493,0.25395006979200474,-0.20038083360482162,-0.6897630023512111
928,0.23370021494178253,0.9733206132372751,-0.6052823478211875,0.15809420033798616
929,0.3593384006343914,0.23447709577586529,0.09159687224056023,-0.6198442371396444
930,0.35992643033421284,0.224282159361483,-0.6770626480973445,-0.5508061070717007
931,0.35203394669086074,-0.3178425521891355,0.3653492438823458,-0.42461843543553757
932,0.18466894527935895,0.2453431413621714,-0.023866638311992094,0.6978511707355832
933,0.4320994038758809,0.1482329080003113,0.7402399443035801,-0.651699943942269
934,0.33326303804586677,-0.4993024740165699,-0.2916536603443929,-0.1254169490268846
935,0.3001310153976753,0.7785859483270285,-0.9289235868985266,-0.7524559091662324
936,0.3330438298832272,-0.9650919451874118,0.053540308215597854,-0.16417938740060123
937,0.11448025963047026,0.7145089063966223,-0.8666938880452175,0.7846852821276493
938,0.1388434688160139,0.6177278755963818,0.11685865173337451,0.83382121155205
939,0.3742759592524405,-0.2969922622976331,-0.6908984306573143,-0.3424288540084468
940,0.22226661766670913,-0.7552945045799462,0.6024788363457916,0.8742563954756717
941,0.45588360795693006,0.9125030254918531,0.3365083866649137,-0.7034690143533939
942,0.41525411767858156,-0.4965816096469431,0.020755077143704392,-0.5501505121660801
943,0.41357635059562936,0.1953844871298418,-0.1704179437085156,-0.8771948797872522
944,0.1723550505519829,0.2550287551356005,-0.5472632963246498,0.31835509797992945
945,0.3843829433418793,-0.07696421059638348,0.18430526937726976,-0.5808906427162233
946,0.2192239853729951,-0.04280319976088265,0.5042613631915198,0.15072186996813697
947,0.22167447939959684,-0.9603953154503935,0.6717690057911418,0.7995296398716734
948,0.24532162751126424,0.5123748751250261,-0.46037122567641386,-0.2963344173516016
949,0.5143266581569553,0.3164505977928527,0.9778473307633153,-0.6701656650812369
950,0.23097328295114136,0.8925298235653774,0.4101505602019486,0.5502576849726042
951,0.2451056270426164,-0.722698861469872,0.5692700433690061,0.13504484435207265
952,0.3261009811299019,0.051865003239678575,0.6528520896955967,-0.2833063908571143
953,0.3533394200479179,-0.6771953324955315,-0.16951190476149947,-0.22466243613649306
954,0.29511813962155753,-0.5405656731399169,0.8644488781408037,0.09808171751599781
955,0.20774800730748705,0.2949390458526515,0.6491774212517949,0.1965904791659152
956,0.21493947266636798,0.1487640264456045,0.0927290819347073,0.07363923445876552
957,0.2915928849654148,-0.7945024909429375,-0.018795446670845317,0.876209694166991
958,0.2674434707984276,0.43177606767631627,0.25777472184178873,-0.3282676511397977
959,0.33531880031476663,-0.3304212871183554,-0.6505237312392942,-0.10324122386200107
960,0.5614436198244328,0.8568979723891283,0.8918293460100986,-0.5530380112094726
961,0.4812325644523122,-0.9405748996540628,0.5979524818038957,-0.9937290710884725
962,0.5827517089398944,0.9179411469856475,0.6931075132170719,-0.9663405571161365
963,0.19523439335979995,0.8472149965164208,-0.7025364794826752,0.9974539495352577
964,0.4395381923709563,-0.26206478107059983,-0.18897754352728868,-0.7304207735333794
965,0.4908423527235234,0.4510576690750445,0.8842999177517743,-0.7455748199261438
966,0.29808145860920565,-0.17579715640170512,0.9960134432194534,0.2562493482825672
967,0.2639595856240261,0.9384590553516308,0.4812225355341886,0.4202075481704304
968,0.320320937617707,-0.2056959342272351,-0.6021198128206176,-0.09406401867000347
969,0.3219990468602201,-0.4381100989966942,-0.39122311196338155,-0.05949470208377239
970,0.4675900723216978,-0.21926269005938703,0.753115901716688,-0.8004138397648113
971,0.5529954127199328,-0.04925915707721007,0.9645033785686787,-0.9664241965615916
972,0.15208511644179223,0.4330390898978018,-0.32301489358114877,0.6111504551013496
973,0.3781470574667779,-0.36205120005246183,-0.9473017060586655,0.926012548687704
974,0.19505078775660833,-0.8547411956922331,0.3769489184552368,0.3766729011823422
975,0.166392822337754,0.23628503689220492,0.011567227932299362,0.5778041280756159
976,0.38573607586680386,-0.5217354989593315,-0.028640060769485,-0.4653571191381567
977,0.3986369025584017,-0.3990448739228807,-0.7012712574117657,-0.3241328365812284
978,0.43506377767943816,0.3956159058933786,0.9960505536265132,-0.2914851322307126
979,0.29005719203635794,-0.4557957160032964,-0.23199884106960478,0.7386446903012811
980,0.2977519777912708,0.9778823264360272,0.43160829019776736,0.2420037827310053
981,0.49520582151392456,-0.9313368333916592,-0.5775636986602317,-0.7982329514548807
982,0.4337117968910572,-0.6141646719996583,0.7620985415591635,-0.5700688906340079
983,0.18586344234877666,0.7998502853939773,0.03907806452584861,0.9643604653633568
984,0.36692339828263887,0.862999530200057,-0.23946618909548678,-0.7286849767455337
985,0.2654700925260405,0.4788490253035589,-0.013266846136699373,-0.4220672077716179
986,0.4554109857091412,-0.0016273935170014742,-0.5909721561749433,-0.9586359550835017
987,0.29730875032495346,0.7389381714742536,-0.25178342007666554,-0.6847435084217846
988,0.33764981040659264,-0.2124120395260567,0.981289428711257,0.07945325340769016
989,0.2376953871492642,0.8199345913517824,0.49559353978072584,0.8664796072825578
990,0.22924457482929084,0.42733322773265137,0.8333112960837994,0.7393204098370947
991,0.26367672753349986,-0.32651125957727256,0.07320350020178346,0.8913323694122233
992,0.15827595140275547,0.8463736229963601,-0.027531730929476916,0.582888138236842
993,0.34061866166938926,0.6955140440287682,0.2190674308492917,-0.7308710419333095
994,0.20334560485569622,-0.7123133930799692,0.6951766691555787,0.5111803068458487
995,0.499273805279239,-0.7541338203647523,0.7854258532953933,-0.9599366199662676
996,0.3547205508694326,-0.3364407960932805,-0.8818519316885316,-0.1815053100263433
997,0.11385837863869519,0.5604146830534358,-0.8298898557153331,0.19364422400860604
998,0.20404360229829288,0.5047481191010814,-0.788093606719336,0.9060862224099391
999,0.40433543234845565,0.06222627623828192,-0.35940898298662294,-0.6851196148312786
